{
    "fs.state[0].flow_mol_phase[Liq]": [
        0.00999999,
        0.0075249900000000005,
        0.0075249900000000005,
        0.0075872159124637005,
        0.018046365108572302,
        0.017712038112884222,
        0.00017711048112884278,
        0.0017898162268138583,
        1.788826226813839e-05,
        0.0006740760167362519,
        6.730860167362507e-06,
        0.0006053267940047295,
        0.0066633306798289564,
        0.01662020293923015,
        0.059781278012829356,
        0.061724061211320486,
        0.06323989872796844,
        0.06198788925147187,
        0.0622883147818151,
        0.06281251812289543,
        0.06281399362332632,
        0.06284200788673394,
        0.06284201629953967,
        0.06284201629953967
    ],
    "fs.state[0].flow_mol_phase[Vap]": [
        0.99999,
        1.0024649982995233,
        1.0024649982995233,
        1.0024088283519006,
        0.9922990028089415,
        0.9925783186263616,
        1.0099382430645822,
        1.0081714486919304,
        1.0092857347240254,
        1.0055815803368975,
        1.0062207733084751,
        1.0054425364092043,
        0.996779795443804,
        0.9854880609775544,
        0.9409520279200647,
        0.9387612784648356,
        0.9367183352886451,
        0.9379950393276311,
        0.9377110281962105,
        0.9371874759763432,
        0.9371860064320751,
        0.9371579921116858,
        0.9371579837004604,
        0.9371579837004604
    ],
    "fs.state[0].mole_frac_phase_comp[Liq,argon]": [
        0.35637232379944744,
        0.35637297433689824,
        0.35637297433689824,
        0.3563492458611527,
        0.3551956832001571,
        0.3559654383321304,
        0.35683537971636775,
        0.35700971266767423,
        0.35803572392263183,
        0.356200935631331,
        0.35601126650853687,
        0.35431818129862896,
        0.33445678624341996,
        0.3281319258045899,
        0.3264648173040822,
        0.3343225632588941,
        0.33314461587395444,
        0.3333026049434004,
        0.333338493495994,
        0.3333333029939902,
        0.33333335098805483,
        0.3333333333351199,
        0.3333333333333332,
        0.3333333333333332
    ],
    "fs.state[0].mole_frac_phase_comp[Liq,oxygen]": [
        0.34480952730068193,
        0.3448098132873498,
        0.3448098132873498,
        0.3448013787304246,
        0.34448843908945004,
        0.34521039785572455,
        0.34591878392518904,
        0.3463125418367542,
        0.3481670896364187,
        0.347659447996508,
        0.34753847979206437,
        0.3463416065033718,
        0.3329607433279068,
        0.3277769497242338,
        0.3262759576683609,
        0.33419728926030434,
        0.33314271988474836,
        0.33330217535620743,
        0.333338465145275,
        0.3333333033050387,
        0.3333333508456907,
        0.3333333333351244,
        0.3333333333333332,
        0.3333333333333332
    ],
    "fs.state[0].mole_frac_phase_comp[Liq,nitrogen]": [
        0.29881814889987074,
        0.2988172126601224,
        0.2988172126601224,
        0.29883461538865824,
        0.29937278343503865,
        0.29789970503132907,
        0.29639278216037895,
        0.29588420554420586,
        0.29323713428225545,
        0.29549560173505063,
        0.29575656965899405,
        0.29827007574208386,
        0.32591430328244175,
        0.32839657963599517,
        0.3254797304763268,
        0.33334085805346775,
        0.3331514984174459,
        0.3333045748631295,
        0.3333380903545657,
        0.3333333083262555,
        0.33333334865593806,
        0.3333333333351992,
        0.3333333333333331,
        0.3333333333333331
    ],
    "fs.state[0].mole_frac_phase_comp[Vap,argon]": [
        0.3333332919781064,
        0.333390307607443,
        0.333390307607443,
        0.33338413697649205,
        0.3328457990046289,
        0.33284758440488765,
        0.33328005207855865,
        0.3332757010264931,
        0.3334556296765178,
        0.33382073075320423,
        0.33383441654535484,
        0.33380147636958074,
        0.33349486448027305,
        0.3334103218936682,
        0.333577275934488,
        0.3330876442303343,
        0.3334230478765101,
        0.3333629155595817,
        0.33333379497150417,
        0.3333333414214645,
        0.3333333320829232,
        0.33333333333494936,
        0.33333333333333326,
        0.33333333333333326
    ],
    "fs.state[0].mole_frac_phase_comp[Vap,oxygen]": [
        0.33333329331991113,
        0.3333616944036328,
        0.3333616944036328,
        0.3333561825168124,
        0.33293531486980166,
        0.33293499506180374,
        0.3331799257703628,
        0.3331937057653546,
        0.3333575088938626,
        0.33375317597707466,
        0.3337615119748435,
        0.3337357258009547,
        0.3335027218716075,
        0.3334264744902013,
        0.33360005048736774,
        0.333102197469471,
        0.333423509721318,
        0.3333630553336272,
        0.3333338018820783,
        0.33333334141599724,
        0.33333333209207394,
        0.33333333333495363,
        0.33333333333333326,
        0.33333333333333326
    ],
    "fs.state[0].mole_frac_phase_comp[Vap,nitrogen]": [
        0.3333332986569807,
        0.33324788222831253,
        0.33324788222831253,
        0.3332452361950796,
        0.3333097379267874,
        0.33333616099052726,
        0.332780499981304,
        0.3328749229476617,
        0.33296745055144694,
        0.3334741244733471,
        0.33344901553986783,
        0.3334634949486987,
        0.333615302869422,
        0.33353164552892584,
        0.33362708166874466,
        0.33314306484465167,
        0.3334217044274775,
        0.33336306566831986,
        0.3333339362280511,
        0.33333334137628273,
        0.33333333223096,
        0.33333333333501636,
        0.33333333333333326,
        0.33333333333333326
    ],
    "fs.state[0].phase_frac[Liq]": [
        0.00999999,
        0.0075249900000000005,
        0.0075249900000000005,
        0.007587456293403806,
        0.01803240502371581,
        0.01770372507237983,
        0.0002221610746175294,
        0.0019917453558723364,
        0.001229749222800341,
        0.002649517472633699,
        0.0024822161699771784,
        0.0027096302555516412,
        0.006470711774686312,
        0.017983504048952492,
        0.05770443699902394,
        0.060782627783995166,
        0.06281283456212394,
        0.061867575701050115,
        0.06228821398685619,
        0.06281247641808102,
        0.06281399363259993,
        0.06284200787589954,
        0.06284201629953967,
        0.06284201629953967
    ],
    "fs.state[0].phase_frac[Vap]": [
        0.99999,
        1.0024649982995233,
        1.0024649982995233,
        1.0024088328974188,
        0.9922995137270828,
        0.9925789131599774,
        1.009938587390095,
        1.008172075669275,
        1.009287390394218,
        1.005593502634114,
        1.0062327778584612,
        1.0054553568481692,
        0.9968042160896549,
        0.9855199792073036,
        0.940993931745063,
        0.9388048357727816,
        0.9366942938464605,
        0.9379876859070015,
        0.9377110052322515,
        0.9371874732449367,
        0.9371860064346352,
        0.9371579921109611,
        0.9371579837004604,
        0.9371579837004604
    ],